{
  "version": 1,
  "author": "Agus Eden",
  "editor": "wokwi",
  "parts": [
    { "type": "wokwi-breadboard", "id": "bb1", "top": -204.6, "left": -102.8, "attrs": {} },
    { "type": "wokwi-arduino-uno", "id": "uno", "top": 0, "left": 0, "attrs": {} },
    {
      "type": "wokwi-pushbutton",
      "id": "btn1",
      "top": -124.9,
      "left": 291.5,
      "rotate": 90,
      "attrs": { "color": "green" }
    },
    {
      "type": "wokwi-led",
      "id": "led1",
      "top": -157.2,
      "left": 138.2,
      "attrs": { "color": "red" }
    },
    {
      "type": "wokwi-led",
      "id": "led2",
      "top": -166.8,
      "left": 109.4,
      "attrs": { "color": "green" }
    },
    {
      "type": "wokwi-pushbutton",
      "id": "btn2",
      "top": -115.3,
      "left": 377.9,
      "rotate": 90,
      "attrs": { "color": "yellow" }
    },
    {
      "type": "wokwi-pushbutton",
      "id": "btn3",
      "top": -134.5,
      "left": 214.7,
      "rotate": 90,
      "attrs": { "color": "blue" }
    }
  ],
  "connections": [
    [ "bb1:bn.1", "bb1:tn.1", "green", [ "v0" ] ],
    [ "bb1:tp.2", "bb1:bp.2", "green", [ "v0" ] ],
    [ "bb1:bp.50", "bb1:tp.50", "green", [ "v0" ] ],
    [ "bb1:tp.49", "bb1:bn.49", "green", [ "v0" ] ],
    [ "led2:C", "bb1:tn.17", "green", [ "v0" ] ],
    [ "led1:C", "bb1:tn.20", "green", [ "v0" ] ],
    [ "led2:A", "uno:10", "green", [ "v28.8", "h19.1" ] ],
    [ "led1:A", "uno:9", "green", [ "v0" ] ],
    [ "uno:GND.1", "bb1:bn.16", "black", [ "v0" ] ],
    [ "btn1:1.r", "bb1:bn.32", "green", [ "v0" ] ],
    [ "btn2:1.r", "bb1:bn.42", "green", [ "v0" ] ],
    [ "btn3:1.r", "bb1:bn.29", "green", [ "v0" ] ],
    [ "uno:8", "btn1:2.r", "green", [ "v-76.2", "h144" ] ],
    [ "btn3:2.r", "uno:11", "green", [ "v0.2", "h-96.2" ] ],
    [ "btn2:2.r", "uno:12", "green", [ "v9.8", "h-268.9" ] ],
    [ "led2:A", "bb1:23t.d", "", [ "$bb" ] ],
    [ "led2:C", "bb1:22t.d", "", [ "$bb" ] ],
    [ "led1:A", "bb1:26t.e", "", [ "$bb" ] ],
    [ "led1:C", "bb1:25t.e", "", [ "$bb" ] ],
    [ "btn2:1.l", "bb1:53t.d", "", [ "$bb" ] ],
    [ "btn2:2.l", "bb1:51t.d", "", [ "$bb" ] ],
    [ "btn2:1.r", "bb1:53b.i", "", [ "$bb" ] ],
    [ "btn2:2.r", "bb1:51b.i", "", [ "$bb" ] ],
    [ "btn3:1.l", "bb1:36t.b", "", [ "$bb" ] ],
    [ "btn3:2.l", "bb1:34t.b", "", [ "$bb" ] ],
    [ "btn3:1.r", "bb1:36b.g", "", [ "$bb" ] ],
    [ "btn3:2.r", "bb1:34b.g", "", [ "$bb" ] ],
    [ "btn1:1.l", "bb1:44t.c", "", [ "$bb" ] ],
    [ "btn1:2.l", "bb1:42t.c", "", [ "$bb" ] ],
    [ "btn1:1.r", "bb1:44b.h", "", [ "$bb" ] ],
    [ "btn1:2.r", "bb1:42b.h", "", [ "$bb" ] ],
    [ "bb1:31b.j", "bb1:33b.j", "green", [ "v0" ] ]
  ],
  "dependencies": {}
}